101	101	0	0	2019-12-05	2999-12-31	基本コース	999	2019-12-06 14:52:31.210
101	101	1	1	2019-12-06	2019-12-10	理由/用途:xxxx	999	2019-12-06 14:54:30.257
101	103	0	0	2019-12-05	2999-12-31	基本コース	999	2019-12-06 14:52:31.210
101	103	1	1	2019-12-06	2019-12-10	理由/用途:xxxx	999	2019-12-06 14:54:30.257
101	104	0	0	2019-12-05	2999-12-31	基本コース	999	2019-12-06 14:52:31.210
101	104	1	1	2019-12-06	2019-12-10	理由/用途:xxxx	999	2019-12-06 14:54:30.257
101	106	0	0	2019-12-05	2999-12-31	基本コース	999	2019-12-06 14:52:31.210
101	106	1	1	2019-12-06	2019-12-10	理由/用途:xxxx	999	2019-12-06 14:54:30.257
101	107	0	0	2019-12-05	2999-12-31	基本コース	999	2019-12-06 14:52:31.210
101	107	1	1	2019-12-06	2019-12-10	理由/用途:xxxx	999	2019-12-06 14:54:30.257
101	108	0	0	2019-12-05	2999-12-31	基本コース	999	2019-12-06 14:52:31.210
101	108	1	1	2019-12-06	2019-12-10	理由/用途:xxxx	999	2019-12-06 14:54:30.257
101	109	0	0	2019-12-05	2999-12-31	基本コース	999	2019-12-06 14:52:31.210
101	109	1	1	2019-12-06	2019-12-10	理由/用途:xxxx	999	2019-12-06 14:54:30.257
101	110	0	0	2019-12-05	2999-12-31	基本コース	999	2019-12-06 14:52:31.210
101	110	1	1	2019-12-06	2019-12-10	理由/用途:xxxx	999	2019-12-06 14:54:30.257
101	111	0	0	2019-12-05	2999-12-31	基本コース	999	2019-12-06 14:52:31.210
101	111	1	1	2019-12-06	2019-12-10	理由/用途:xxxx	999	2019-12-06 14:54:30.257
101	112	0	0	2019-12-05	2999-12-31	基本コース	999	2019-12-06 14:52:31.210
101	112	1	1	2019-12-06	2019-12-10	理由/用途:xxxx	999	2019-12-06 14:54:30.257
101	113	0	0	2019-12-05	2999-12-31	基本コース	999	2019-12-06 14:52:31.210
101	113	1	1	2019-12-06	2019-12-10	理由/用途:xxxx	999	2019-12-06 14:54:30.257
101	114	0	0	2019-12-05	2999-12-31	基本コース	999	2019-12-06 14:52:31.210
101	114	1	1	2019-12-06	2019-12-10	理由/用途:xxxx	999	2019-12-06 14:54:30.257
101	115	0	0	2019-12-05	2999-12-31	基本コース	999	2019-12-06 14:52:31.210
101	115	1	1	2019-12-06	2019-12-10	理由/用途:xxxx	999	2019-12-06 14:54:30.257
101	116	0	0	2019-12-05	2999-12-31	基本コース	999	2019-12-06 14:52:31.210
101	116	1	1	2019-12-06	2019-12-10	理由/用途:xxxx	999	2019-12-06 14:54:30.257
101	117	0	0	2019-12-05	2999-12-31	基本コース	999	2019-12-06 14:52:31.210
101	117	1	1	2019-12-06	2019-12-10	理由/用途:xxxx	999	2019-12-06 14:54:30.257
101	118	0	0	2019-12-05	2999-12-31	基本コース	999	2019-12-06 14:52:31.210
101	118	1	1	2019-12-06	2019-12-10	理由/用途:xxxx	999	2019-12-06 14:54:30.257
101	119	0	0	2019-12-05	2999-12-31	基本コース	999	2019-12-06 14:52:31.210
101	119	1	1	2019-12-06	2019-12-10	理由/用途:xxxx	999	2019-12-06 14:54:30.257
101	120	0	0	2019-12-05	2999-12-31	基本コース	999	2019-12-06 14:52:31.210
101	120	1	1	2019-12-06	2019-12-10	理由/用途:xxxx	999	2019-12-06 14:54:30.257
101	121	0	0	2019-12-05	2999-12-31	基本コース	999	2019-12-06 14:52:31.210
101	121	1	1	2019-12-06	2019-12-10	理由/用途:xxxx	999	2019-12-06 14:54:30.257
101	123	0	0	2019-12-05	2999-12-31	基本コース	999	2019-12-06 14:52:31.210
101	123	1	1	2019-12-06	2019-12-10	理由/用途:xxxx	999	2019-12-06 14:54:30.257
101	200	0	0	2019-12-05	2999-12-31	基本コース	999	2019-12-06 14:52:31.210
101	200	1	1	2019-12-06	2019-12-10	理由/用途:xxxx	999	2019-12-06 14:54:30.257
101	401	0	0	2019-12-05	2999-12-31	基本コース	999	2019-12-06 14:52:31.210
101	401	1	1	2019-12-06	2019-12-10	理由/用途:xxxx	999	2019-12-06 14:54:30.257
101	402	0	0	2019-12-05	2999-12-31	基本コース	999	2019-12-06 14:52:31.210
101	402	1	1	2019-12-06	2019-12-10	理由/用途:xxxx	999	2019-12-06 14:54:30.257
101	404	0	0	2019-12-05	2999-12-31	基本コース	999	2019-12-06 14:52:31.210
101	404	1	1	2019-12-06	2019-12-10	理由/用途:xxxx	999	2019-12-06 14:54:30.257
101	405	0	0	2019-12-05	2999-12-31	基本コース	999	2019-12-06 14:52:31.210
101	405	1	1	2019-12-06	2019-12-10	理由/用途:xxxx	999	2019-12-06 14:54:30.257
101	406	0	0	2019-12-05	2999-12-31	基本コース	999	2019-12-06 14:52:31.210
101	406	1	1	2019-12-06	2019-12-10	理由/用途:xxxx	999	2019-12-06 14:54:30.257
101	408	0	0	2019-12-05	2999-12-31	基本コース	999	2019-12-06 14:52:31.210
101	408	1	1	2019-12-06	2019-12-10	理由/用途:xxxx	999	2019-12-06 14:54:30.257
101	409	0	0	2019-12-05	2999-12-31	基本コース	999	2019-12-06 14:52:31.210
101	409	1	1	2019-12-06	2019-12-10	理由/用途:xxxx	999	2019-12-06 14:54:30.257
101	410	0	0	2019-12-05	2999-12-31	基本コース	999	2019-12-06 14:52:31.210
101	410	1	1	2019-12-06	2019-12-10	理由/用途:xxxx	999	2019-12-06 14:54:30.257
101	411	0	0	2019-12-05	2999-12-31	基本コース	999	2019-12-06 14:52:31.210
101	411	1	1	2019-12-06	2019-12-10	理由/用途:xxxx	999	2019-12-06 14:54:30.257
101	412	0	0	2019-12-05	2999-12-31	基本コース	999	2019-12-06 14:52:31.210
101	412	1	1	2019-12-06	2019-12-10	理由/用途:xxxx	999	2019-12-06 14:54:30.257
101	413	0	0	2019-12-05	2999-12-31	基本コース	999	2019-12-06 14:52:31.210
101	413	1	1	2019-12-06	2019-12-10	理由/用途:xxxx	999	2019-12-06 14:54:30.257
101	499	0	0	2019-12-05	2999-12-31	基本コース	999	2019-12-06 14:52:31.210
101	499	1	1	2019-12-06	2019-12-10	理由/用途:xxxx	999	2019-12-06 14:54:30.257
101	701	0	0	2019-12-05	2999-12-31	基本コース	999	2019-12-06 14:52:31.210
101	701	1	1	2019-12-06	2019-12-10	理由/用途:xxxx	999	2019-12-06 14:54:30.257
101	702	0	0	2019-12-05	2999-12-31	基本コース	999	2019-12-06 14:52:31.210
101	702	1	1	2019-12-06	2019-12-10	理由/用途:xxxx	999	2019-12-06 14:54:30.257
101	703	0	0	2019-12-05	2999-12-31	基本コース	999	2019-12-06 14:52:31.210
101	703	1	1	2019-12-06	2019-12-10	理由/用途:xxxx	999	2019-12-06 14:54:30.257
101	705	0	0	2019-12-05	2999-12-31	基本コース	999	2019-12-06 14:52:31.210
101	705	1	1	2019-12-06	2019-12-10	理由/用途:xxxx	999	2019-12-06 14:54:30.257
101	706	0	0	2019-12-05	2999-12-31	基本コース	999	2019-12-06 14:52:31.210
101	706	1	1	2019-12-06	2019-12-10	理由/用途:xxxx	999	2019-12-06 14:54:30.257
101	801	0	0	2019-12-05	2999-12-31	基本コース	999	2019-12-06 14:52:31.210
101	801	1	1	2019-12-06	2019-12-10	理由/用途:xxxx	999	2019-12-06 14:54:30.257
101	802	0	0	2019-12-05	2999-12-31	基本コース	999	2019-12-06 14:52:31.210
101	802	1	1	2019-12-06	2019-12-10	理由/用途:xxxx	999	2019-12-06 14:54:30.257
101	807	0	0	2019-12-05	2999-12-31	基本コース	999	2019-12-06 14:52:31.210
101	807	1	1	2019-12-06	2019-12-10	理由/用途:xxxx	999	2019-12-06 14:54:30.257
101	809	0	0	2019-12-05	2999-12-31	基本コース	999	2019-12-06 14:52:31.210
101	809	1	1	2019-12-06	2019-12-10	理由/用途:xxxx	999	2019-12-06 14:54:30.257
101	811	0	0	2019-12-05	2999-12-31	基本コース	999	2019-12-06 14:52:31.210
101	811	1	1	2019-12-06	2019-12-10	理由/用途:xxxx	999	2019-12-06 14:54:30.257
201	1	0	0	2019-12-05	2999-12-31	基本コース	999	2019-12-06 14:52:31.210
201	1	1	1	2019-12-06	2019-12-10	理由/用途:xxxx	999	2019-12-06 14:54:30.257
201	101	0	0	2019-12-05	2999-12-31	基本コース	999	2019-12-06 14:52:31.210
201	101	1	1	2019-12-06	2019-12-10	理由/用途:xxxx	999	2019-12-06 14:54:30.257
201	102	0	0	2019-12-05	2999-12-31	基本コース	999	2019-12-06 14:52:31.210
201	102	1	1	2019-12-06	2019-12-10	理由/用途:xxxx	999	2019-12-06 14:54:30.257
201	103	0	0	2019-12-05	2999-12-31	基本コース	999	2019-12-06 14:52:31.210
201	103	1	1	2019-12-06	2019-12-10	理由/用途:xxxx	999	2019-12-06 14:54:30.257
201	105	0	0	2019-12-05	2999-12-31	基本コース	999	2019-12-06 14:52:31.210
201	105	1	1	2019-12-06	2019-12-10	理由/用途:xxxx	999	2019-12-06 14:54:30.257
201	106	0	0	2019-12-05	2999-12-31	基本コース	999	2019-12-06 14:52:31.210
201	106	1	1	2019-12-06	2019-12-10	理由/用途:xxxx	999	2019-12-06 14:54:30.257
201	107	0	0	2019-12-05	2999-12-31	基本コース	999	2019-12-06 14:52:31.210
201	107	1	1	2019-12-06	2019-12-10	理由/用途:xxxx	999	2019-12-06 14:54:30.257
201	108	0	0	2019-12-05	2999-12-31	基本コース	999	2019-12-06 14:52:31.210
201	108	1	1	2019-12-06	2019-12-10	理由/用途:xxxx	999	2019-12-06 14:54:30.257
201	109	0	0	2019-12-05	2999-12-31	基本コース	999	2019-12-06 14:52:31.210
201	109	1	1	2019-12-06	2019-12-10	理由/用途:xxxx	999	2019-12-06 14:54:30.257
201	110	0	0	2019-12-05	2999-12-31	基本コース	999	2019-12-06 14:52:31.210
201	110	1	1	2019-12-06	2019-12-10	理由/用途:xxxx	999	2019-12-06 14:54:30.257
201	111	0	0	2019-12-05	2999-12-31	基本コース	999	2019-12-06 14:52:31.210
201	111	1	1	2019-12-06	2019-12-10	理由/用途:xxxx	999	2019-12-06 14:54:30.257
201	199	0	0	2019-12-05	2999-12-31	基本コース	999	2019-12-06 14:52:31.210
201	199	1	1	2019-12-06	2019-12-10	理由/用途:xxxx	999	2019-12-06 14:54:30.257
201	401	0	0	2019-12-05	2999-12-31	基本コース	999	2019-12-06 14:52:31.210
201	401	1	1	2019-12-06	2019-12-10	理由/用途:xxxx	999	2019-12-06 14:54:30.257
201	402	0	0	2019-12-05	2999-12-31	基本コース	999	2019-12-06 14:52:31.210
201	402	1	1	2019-12-06	2019-12-10	理由/用途:xxxx	999	2019-12-06 14:54:30.257
201	404	0	0	2019-12-05	2999-12-31	基本コース	999	2019-12-06 14:52:31.210
201	404	1	1	2019-12-06	2019-12-10	理由/用途:xxxx	999	2019-12-06 14:54:30.257
201	405	0	0	2019-12-05	2999-12-31	基本コース	999	2019-12-06 14:52:31.210
201	405	1	1	2019-12-06	2019-12-10	理由/用途:xxxx	999	2019-12-06 14:54:30.257
201	406	0	0	2019-12-05	2999-12-31	基本コース	999	2019-12-06 14:52:31.210
201	406	1	1	2019-12-06	2019-12-10	理由/用途:xxxx	999	2019-12-06 14:54:30.257
201	408	0	0	2019-12-05	2999-12-31	基本コース	999	2019-12-06 14:52:31.210
201	408	1	1	2019-12-06	2019-12-10	理由/用途:xxxx	999	2019-12-06 14:54:30.257
201	499	0	0	2019-12-05	2999-12-31	基本コース	999	2019-12-06 14:52:31.210
201	499	1	1	2019-12-06	2019-12-10	理由/用途:xxxx	999	2019-12-06 14:54:30.257
201	701	0	0	2019-12-05	2999-12-31	基本コース	999	2019-12-06 14:52:31.210
201	701	1	1	2019-12-06	2019-12-10	理由/用途:xxxx	999	2019-12-06 14:54:30.257
201	801	0	0	2019-12-05	2999-12-31	基本コース	999	2019-12-06 14:52:31.210
201	801	1	1	2019-12-06	2019-12-10	理由/用途:xxxx	999	2019-12-06 14:54:30.257
201	803	0	0	2019-12-05	2999-12-31	基本コース	999	2019-12-06 14:52:31.210
201	803	1	1	2019-12-06	2019-12-10	理由/用途:xxxx	999	2019-12-06 14:54:30.257
301	101	0	0	2019-12-05	2999-12-31	基本コース	999	2019-12-06 14:52:31.210
301	101	1	1	2019-12-06	2019-12-10	理由/用途:xxxx	999	2019-12-06 14:54:30.257
301	102	0	0	2019-12-05	2999-12-31	基本コース	999	2019-12-06 14:52:31.210
301	102	1	1	2019-12-06	2019-12-10	理由/用途:xxxx	999	2019-12-06 14:54:30.257
301	103	0	0	2019-12-05	2999-12-31	基本コース	999	2019-12-06 14:52:31.210
301	103	1	1	2019-12-06	2019-12-10	理由/用途:xxxx	999	2019-12-06 14:54:30.257
301	104	0	0	2019-12-05	2999-12-31	基本コース	999	2019-12-06 14:52:31.210
301	104	1	1	2019-12-06	2019-12-10	理由/用途:xxxx	999	2019-12-06 14:54:30.257
301	105	0	0	2019-12-05	2999-12-31	基本コース	999	2019-12-06 14:52:31.210
301	105	1	1	2019-12-06	2019-12-10	理由/用途:xxxx	999	2019-12-06 14:54:30.257
301	106	0	0	2019-12-05	2999-12-31	基本コース	999	2019-12-06 14:52:31.210
301	106	1	1	2019-12-06	2019-12-10	理由/用途:xxxx	999	2019-12-06 14:54:30.257
301	107	0	0	2019-12-05	2999-12-31	基本コース	999	2019-12-06 14:52:31.210
301	107	1	1	2019-12-06	2019-12-10	理由/用途:xxxx	999	2019-12-06 14:54:30.257
301	108	0	0	2019-12-05	2999-12-31	基本コース	999	2019-12-06 14:52:31.210
301	108	1	1	2019-12-06	2019-12-10	理由/用途:xxxx	999	2019-12-06 14:54:30.257
301	109	0	0	2019-12-05	2999-12-31	基本コース	999	2019-12-06 14:52:31.210
301	109	1	1	2019-12-06	2019-12-10	理由/用途:xxxx	999	2019-12-06 14:54:30.257
301	110	0	0	2019-12-05	2999-12-31	基本コース	999	2019-12-06 14:52:31.210
301	110	1	1	2019-12-06	2019-12-10	理由/用途:xxxx	999	2019-12-06 14:54:30.257
301	140	0	0	2019-12-05	2999-12-31	基本コース	999	2019-12-06 14:52:31.210
301	140	1	1	2019-12-06	2019-12-10	理由/用途:xxxx	999	2019-12-06 14:54:30.257
301	199	0	0	2019-12-05	2999-12-31	基本コース	999	2019-12-06 14:52:31.210
301	199	1	1	2019-12-06	2019-12-10	理由/用途:xxxx	999	2019-12-06 14:54:30.257
301	401	0	0	2019-12-05	2999-12-31	基本コース	999	2019-12-06 14:52:31.210
301	401	1	1	2019-12-06	2019-12-10	理由/用途:xxxx	999	2019-12-06 14:54:30.257
301	402	0	0	2019-12-05	2999-12-31	基本コース	999	2019-12-06 14:52:31.210
301	402	1	1	2019-12-06	2019-12-10	理由/用途:xxxx	999	2019-12-06 14:54:30.257
301	403	0	0	2019-12-05	2999-12-31	基本コース	999	2019-12-06 14:52:31.210
301	403	1	1	2019-12-06	2019-12-10	理由/用途:xxxx	999	2019-12-06 14:54:30.257
301	404	0	0	2019-12-05	2999-12-31	基本コース	999	2019-12-06 14:52:31.210
301	404	1	1	2019-12-06	2019-12-10	理由/用途:xxxx	999	2019-12-06 14:54:30.257
301	405	0	0	2019-12-05	2999-12-31	基本コース	999	2019-12-06 14:52:31.210
301	405	1	1	2019-12-06	2019-12-10	理由/用途:xxxx	999	2019-12-06 14:54:30.257
301	406	0	0	2019-12-05	2999-12-31	基本コース	999	2019-12-06 14:52:31.210
301	406	1	1	2019-12-06	2019-12-10	理由/用途:xxxx	999	2019-12-06 14:54:30.257
301	420	0	0	2019-12-05	2999-12-31	基本コース	999	2019-12-06 14:52:31.210
301	420	1	1	2019-12-06	2019-12-10	理由/用途:xxxx	999	2019-12-06 14:54:30.257
301	499	0	0	2019-12-05	2999-12-31	基本コース	999	2019-12-06 14:52:31.210
301	499	1	1	2019-12-06	2019-12-10	理由/用途:xxxx	999	2019-12-06 14:54:30.257
301	701	0	0	2019-12-05	2999-12-31	基本コース	999	2019-12-06 14:52:31.210
301	701	1	1	2019-12-06	2019-12-10	理由/用途:xxxx	999	2019-12-06 14:54:30.257
301	801	0	0	2019-12-05	2999-12-31	基本コース	999	2019-12-06 14:52:31.210
301	801	1	1	2019-12-06	2019-12-10	理由/用途:xxxx	999	2019-12-06 14:54:30.257
301	802	0	0	2019-12-05	2999-12-31	基本コース	999	2019-12-06 14:52:31.210
301	802	1	1	2019-12-06	2019-12-10	理由/用途:xxxx	999	2019-12-06 14:54:30.257
401	102	0	0	2019-12-05	2999-12-31	基本コース	999	2019-12-06 14:52:31.210
401	102	1	1	2019-12-06	2019-12-10	理由/用途:xxxx	999	2019-12-06 14:54:30.257
401	103	0	0	2019-12-05	2999-12-31	基本コース	999	2019-12-06 14:52:31.210
401	103	1	1	2019-12-06	2019-12-10	理由/用途:xxxx	999	2019-12-06 14:54:30.257
401	105	0	0	2019-12-05	2999-12-31	基本コース	999	2019-12-06 14:52:31.210
401	105	1	1	2019-12-06	2019-12-10	理由/用途:xxxx	999	2019-12-06 14:54:30.257
401	106	0	0	2019-12-05	2999-12-31	基本コース	999	2019-12-06 14:52:31.210
401	106	1	1	2019-12-06	2019-12-10	理由/用途:xxxx	999	2019-12-06 14:54:30.257
401	108	0	0	2019-12-05	2999-12-31	基本コース	999	2019-12-06 14:52:31.210
401	108	1	1	2019-12-06	2019-12-10	理由/用途:xxxx	999	2019-12-06 14:54:30.257
401	109	0	0	2019-12-05	2999-12-31	基本コース	999	2019-12-06 14:52:31.210
401	109	1	1	2019-12-06	2019-12-10	理由/用途:xxxx	999	2019-12-06 14:54:30.257
401	110	0	0	2019-12-05	2999-12-31	基本コース	999	2019-12-06 14:52:31.210
401	110	1	1	2019-12-06	2019-12-10	理由/用途:xxxx	999	2019-12-06 14:54:30.257
401	402	0	0	2019-12-05	2999-12-31	基本コース	999	2019-12-06 14:52:31.210
401	402	1	1	2019-12-06	2019-12-10	理由/用途:xxxx	999	2019-12-06 14:54:30.257
401	403	0	0	2019-12-05	2999-12-31	基本コース	999	2019-12-06 14:52:31.210
401	403	1	1	2019-12-06	2019-12-10	理由/用途:xxxx	999	2019-12-06 14:54:30.257
401	404	0	0	2019-12-05	2999-12-31	基本コース	999	2019-12-06 14:52:31.210
401	404	1	1	2019-12-06	2019-12-10	理由/用途:xxxx	999	2019-12-06 14:54:30.257
401	406	0	0	2019-12-05	2999-12-31	基本コース	999	2019-12-06 14:52:31.210
401	406	1	1	2019-12-06	2019-12-10	理由/用途:xxxx	999	2019-12-06 14:54:30.257
401	501	0	0	2019-12-05	2999-12-31	基本コース	999	2019-12-06 14:52:31.210
401	501	1	1	2019-12-06	2019-12-10	理由/用途:xxxx	999	2019-12-06 14:54:30.257
401	801	0	0	2019-12-05	2999-12-31	基本コース	999	2019-12-06 14:52:31.210
401	801	1	1	2019-12-06	2019-12-10	理由/用途:xxxx	999	2019-12-06 14:54:30.257
501	101	0	0	2019-12-05	2999-12-31	基本コース	999	2019-12-06 14:52:31.210
501	101	1	1	2019-12-06	2019-12-10	理由/用途:xxxx	999	2019-12-06 14:54:30.257
501	102	0	0	2019-12-05	2999-12-31	基本コース	999	2019-12-06 14:52:31.210
501	102	1	1	2019-12-06	2019-12-10	理由/用途:xxxx	999	2019-12-06 14:54:30.257
501	103	0	0	2019-12-05	2999-12-31	基本コース	999	2019-12-06 14:52:31.210
501	103	1	1	2019-12-06	2019-12-10	理由/用途:xxxx	999	2019-12-06 14:54:30.257
501	104	0	0	2019-12-05	2999-12-31	基本コース	999	2019-12-06 14:52:31.210
501	104	1	1	2019-12-06	2019-12-10	理由/用途:xxxx	999	2019-12-06 14:54:30.257
501	105	0	0	2019-12-05	2999-12-31	基本コース	999	2019-12-06 14:52:31.210
501	105	1	1	2019-12-06	2019-12-10	理由/用途:xxxx	999	2019-12-06 14:54:30.257
501	107	0	0	2019-12-05	2999-12-31	基本コース	999	2019-12-06 14:52:31.210
501	107	1	1	2019-12-06	2019-12-10	理由/用途:xxxx	999	2019-12-06 14:54:30.257
501	108	0	0	2019-12-05	2999-12-31	基本コース	999	2019-12-06 14:52:31.210
501	108	1	1	2019-12-06	2019-12-10	理由/用途:xxxx	999	2019-12-06 14:54:30.257
501	109	0	0	2019-12-05	2999-12-31	基本コース	999	2019-12-06 14:52:31.210
501	109	1	1	2019-12-06	2019-12-10	理由/用途:xxxx	999	2019-12-06 14:54:30.257
501	110	0	0	2019-12-05	2999-12-31	基本コース	999	2019-12-06 14:52:31.210
501	110	1	1	2019-12-06	2019-12-10	理由/用途:xxxx	999	2019-12-06 14:54:30.257
501	111	0	0	2019-12-05	2999-12-31	基本コース	999	2019-12-06 14:52:31.210
501	111	1	1	2019-12-06	2019-12-10	理由/用途:xxxx	999	2019-12-06 14:54:30.257
601	101	0	0	2019-12-05	2999-12-31	基本コース	999	2019-12-06 14:52:31.210
601	101	1	1	2019-12-06	2019-12-10	理由/用途:xxxx	999	2019-12-06 14:54:30.257
601	102	0	0	2019-12-05	2999-12-31	基本コース	999	2019-12-06 14:52:31.210
601	102	1	1	2019-12-06	2019-12-10	理由/用途:xxxx	999	2019-12-06 14:54:30.257
601	103	0	0	2019-12-05	2999-12-31	基本コース	999	2019-12-06 14:52:31.210
601	103	1	1	2019-12-06	2019-12-10	理由/用途:xxxx	999	2019-12-06 14:54:30.257
601	104	0	0	2019-12-05	2999-12-31	基本コース	999	2019-12-06 14:52:31.210
601	104	1	1	2019-12-06	2019-12-10	理由/用途:xxxx	999	2019-12-06 14:54:30.257
601	106	0	0	2019-12-05	2999-12-31	基本コース	999	2019-12-06 14:52:31.210
601	106	1	1	2019-12-06	2019-12-10	理由/用途:xxxx	999	2019-12-06 14:54:30.257
601	107	0	0	2019-12-05	2999-12-31	基本コース	999	2019-12-06 14:52:31.210
601	107	1	1	2019-12-06	2019-12-10	理由/用途:xxxx	999	2019-12-06 14:54:30.257
601	108	0	0	2019-12-05	2999-12-31	基本コース	999	2019-12-06 14:52:31.210
601	108	1	1	2019-12-06	2019-12-10	理由/用途:xxxx	999	2019-12-06 14:54:30.257
601	141	0	0	2019-12-05	2999-12-31	基本コース	999	2019-12-06 14:52:31.210
601	141	1	1	2019-12-06	2019-12-10	理由/用途:xxxx	999	2019-12-06 14:54:30.257
601	199	0	0	2019-12-05	2999-12-31	基本コース	999	2019-12-06 14:52:31.210
601	199	1	1	2019-12-06	2019-12-10	理由/用途:xxxx	999	2019-12-06 14:54:30.257
601	401	0	0	2019-12-05	2999-12-31	基本コース	999	2019-12-06 14:52:31.210
601	401	1	1	2019-12-06	2019-12-10	理由/用途:xxxx	999	2019-12-06 14:54:30.257
601	402	0	0	2019-12-05	2999-12-31	基本コース	999	2019-12-06 14:52:31.210
601	402	1	1	2019-12-06	2019-12-10	理由/用途:xxxx	999	2019-12-06 14:54:30.257
601	403	0	0	2019-12-05	2999-12-31	基本コース	999	2019-12-06 14:52:31.210
601	403	1	1	2019-12-06	2019-12-10	理由/用途:xxxx	999	2019-12-06 14:54:30.257
601	406	0	0	2019-12-05	2999-12-31	基本コース	999	2019-12-06 14:52:31.210
601	406	1	1	2019-12-06	2019-12-10	理由/用途:xxxx	999	2019-12-06 14:54:30.257
601	407	0	0	2019-12-05	2999-12-31	基本コース	999	2019-12-06 14:52:31.210
601	407	1	1	2019-12-06	2019-12-10	理由/用途:xxxx	999	2019-12-06 14:54:30.257
601	408	0	0	2019-12-05	2999-12-31	基本コース	999	2019-12-06 14:52:31.210
601	408	1	1	2019-12-06	2019-12-10	理由/用途:xxxx	999	2019-12-06 14:54:30.257
601	409	0	0	2019-12-05	2999-12-31	基本コース	999	2019-12-06 14:52:31.210
601	409	1	1	2019-12-06	2019-12-10	理由/用途:xxxx	999	2019-12-06 14:54:30.257
601	499	0	0	2019-12-05	2999-12-31	基本コース	999	2019-12-06 14:52:31.210
601	499	1	1	2019-12-06	2019-12-10	理由/用途:xxxx	999	2019-12-06 14:54:30.257
601	701	0	0	2019-12-05	2999-12-31	基本コース	999	2019-12-06 14:52:31.210
601	701	1	1	2019-12-06	2019-12-10	理由/用途:xxxx	999	2019-12-06 14:54:30.257
601	703	0	0	2019-12-05	2999-12-31	基本コース	999	2019-12-06 14:52:31.210
601	703	1	1	2019-12-06	2019-12-10	理由/用途:xxxx	999	2019-12-06 14:54:30.257
601	704	0	0	2019-12-05	2999-12-31	基本コース	999	2019-12-06 14:52:31.210
601	704	1	1	2019-12-06	2019-12-10	理由/用途:xxxx	999	2019-12-06 14:54:30.257
601	705	0	0	2019-12-05	2999-12-31	基本コース	999	2019-12-06 14:52:31.210
601	705	1	1	2019-12-06	2019-12-10	理由/用途:xxxx	999	2019-12-06 14:54:30.257
601	801	0	0	2019-12-05	2999-12-31	基本コース	999	2019-12-06 14:52:31.210
601	801	1	1	2019-12-06	2019-12-10	理由/用途:xxxx	999	2019-12-06 14:54:30.257
601	802	0	0	2019-12-05	2999-12-31	基本コース	999	2019-12-06 14:52:31.210
601	802	1	1	2019-12-06	2019-12-10	理由/用途:xxxx	999	2019-12-06 14:54:30.257
601	803	0	0	2019-12-05	2999-12-31	基本コース	999	2019-12-06 14:52:31.210
601	803	1	1	2019-12-06	2019-12-10	理由/用途:xxxx	999	2019-12-06 14:54:30.257
601	805	0	0	2019-12-05	2999-12-31	基本コース	999	2019-12-06 14:52:31.210
601	805	1	1	2019-12-06	2019-12-10	理由/用途:xxxx	999	2019-12-06 14:54:30.257
601	806	0	0	2019-12-05	2999-12-31	基本コース	999	2019-12-06 14:52:31.210
601	806	1	1	2019-12-06	2019-12-10	理由/用途:xxxx	999	2019-12-06 14:54:30.257
601	807	0	0	2019-12-05	2999-12-31	基本コース	999	2019-12-06 14:52:31.210
601	807	1	1	2019-12-06	2019-12-10	理由/用途:xxxx	999	2019-12-06 14:54:30.257
601	808	0	0	2019-12-05	2999-12-31	基本コース	999	2019-12-06 14:52:31.210
601	808	1	1	2019-12-06	2019-12-10	理由/用途:xxxx	999	2019-12-06 14:54:30.257
602	105	0	0	2019-12-05	2999-12-31	基本コース	999	2019-12-06 14:52:31.210
602	105	1	1	2019-12-06	2019-12-10	理由/用途:xxxx	999	2019-12-06 14:54:30.257
602	109	0	0	2019-12-05	2999-12-31	基本コース	999	2019-12-06 14:52:31.210
602	109	1	1	2019-12-06	2019-12-10	理由/用途:xxxx	999	2019-12-06 14:54:30.257
602	110	0	0	2019-12-05	2999-12-31	基本コース	999	2019-12-06 14:52:31.210
602	110	1	1	2019-12-06	2019-12-10	理由/用途:xxxx	999	2019-12-06 14:54:30.257
701	101	0	0	2019-12-05	2999-12-31	基本コース	999	2019-12-06 14:52:31.210
701	101	1	1	2019-12-06	2019-12-10	理由/用途:xxxx	999	2019-12-06 14:54:30.257
701	103	0	0	2019-12-05	2999-12-31	基本コース	999	2019-12-06 14:52:31.210
701	103	1	1	2019-12-06	2019-12-10	理由/用途:xxxx	999	2019-12-06 14:54:30.257
701	104	0	0	2019-12-05	2999-12-31	基本コース	999	2019-12-06 14:52:31.210
701	104	1	1	2019-12-06	2019-12-10	理由/用途:xxxx	999	2019-12-06 14:54:30.257
701	105	0	0	2019-12-05	2999-12-31	基本コース	999	2019-12-06 14:52:31.210
701	105	1	1	2019-12-06	2019-12-10	理由/用途:xxxx	999	2019-12-06 14:54:30.257
701	106	0	0	2019-12-05	2999-12-31	基本コース	999	2019-12-06 14:52:31.210
701	106	1	1	2019-12-06	2019-12-10	理由/用途:xxxx	999	2019-12-06 14:54:30.257
701	107	0	0	2019-12-05	2999-12-31	基本コース	999	2019-12-06 14:52:31.210
701	107	1	1	2019-12-06	2019-12-10	理由/用途:xxxx	999	2019-12-06 14:54:30.257
701	108	0	0	2019-12-05	2999-12-31	基本コース	999	2019-12-06 14:52:31.210
701	108	1	1	2019-12-06	2019-12-10	理由/用途:xxxx	999	2019-12-06 14:54:30.257
701	199	0	0	2019-12-05	2999-12-31	基本コース	999	2019-12-06 14:52:31.210
701	199	1	1	2019-12-06	2019-12-10	理由/用途:xxxx	999	2019-12-06 14:54:30.257
701	401	0	0	2019-12-05	2999-12-31	基本コース	999	2019-12-06 14:52:31.210
701	401	1	1	2019-12-06	2019-12-10	理由/用途:xxxx	999	2019-12-06 14:54:30.257
701	501	0	0	2019-12-05	2999-12-31	基本コース	999	2019-12-06 14:52:31.210
701	501	1	1	2019-12-06	2019-12-10	理由/用途:xxxx	999	2019-12-06 14:54:30.257
702	101	0	0	2019-12-05	2999-12-31	基本コース	999	2019-12-06 14:52:31.210
702	101	1	1	2019-12-06	2019-12-10	理由/用途:xxxx	999	2019-12-06 14:54:30.257
801	106	0	0	2019-12-05	2999-12-31	基本コース	999	2019-12-06 14:52:31.210
801	106	1	1	2019-12-06	2019-12-10	理由/用途:xxxx	999	2019-12-06 14:54:30.257
801	199	0	0	2019-12-05	2999-12-31	基本コース	999	2019-12-06 14:52:31.210
801	199	1	1	2019-12-06	2019-12-10	理由/用途:xxxx	999	2019-12-06 14:54:30.257
801	200	0	0	2019-12-05	2999-12-31	基本コース	999	2019-12-06 14:52:31.210
801	200	1	1	2019-12-06	2019-12-10	理由/用途:xxxx	999	2019-12-06 14:54:30.257
901	2	0	0	2019-12-05	2999-12-31	基本コース	999	2019-12-06 14:52:31.210
901	2	1	1	2019-12-06	2019-12-10	理由/用途:xxxx	999	2019-12-06 14:54:30.257
901	3	0	0	2019-12-05	2999-12-31	基本コース	999	2019-12-06 14:52:31.210
901	3	1	1	2019-12-06	2019-12-10	理由/用途:xxxx	999	2019-12-06 14:54:30.257
901	4	0	0	2019-12-05	2999-12-31	基本コース	999	2019-12-06 14:52:31.210
901	4	1	1	2019-12-06	2019-12-10	理由/用途:xxxx	999	2019-12-06 14:54:30.257
901	5	0	0	2019-12-05	2999-12-31	基本コース	999	2019-12-06 14:52:31.210
901	5	1	1	2019-12-06	2019-12-10	理由/用途:xxxx	999	2019-12-06 14:54:30.257
901	6	0	0	2019-12-05	2999-12-31	基本コース	999	2019-12-06 14:52:31.210
901	6	1	1	2019-12-06	2019-12-10	理由/用途:xxxx	999	2019-12-06 14:54:30.257
901	7	0	0	2019-12-05	2999-12-31	基本コース	999	2019-12-06 14:52:31.210
901	7	1	1	2019-12-06	2019-12-10	理由/用途:xxxx	999	2019-12-06 14:54:30.257
901	8	0	0	2019-12-05	2999-12-31	基本コース	999	2019-12-06 14:52:31.210
901	8	1	1	2019-12-06	2019-12-10	理由/用途:xxxx	999	2019-12-06 14:54:30.257
901	10	0	0	2019-12-05	2999-12-31	基本コース	999	2019-12-06 14:52:31.210
901	10	1	1	2019-12-06	2019-12-10	理由/用途:xxxx	999	2019-12-06 14:54:30.257
901	13	0	0	2019-12-05	2999-12-31	基本コース	999	2019-12-06 14:52:31.210
901	13	1	1	2019-12-06	2019-12-10	理由/用途:xxxx	999	2019-12-06 14:54:30.257
901	15	0	0	2019-12-05	2999-12-31	基本コース	999	2019-12-06 14:52:31.210
901	15	1	1	2019-12-06	2019-12-10	理由/用途:xxxx	999	2019-12-06 14:54:30.257
901	16	0	0	2019-12-05	2999-12-31	基本コース	999	2019-12-06 14:52:31.210
901	16	1	1	2019-12-06	2019-12-10	理由/用途:xxxx	999	2019-12-06 14:54:30.257
901	101	0	0	2019-12-05	2999-12-31	基本コース	999	2019-12-06 14:52:31.210
901	101	1	1	2019-12-06	2019-12-10	理由/用途:xxxx	999	2019-12-06 14:54:30.257
901	102	0	0	2019-12-05	2999-12-31	基本コース	999	2019-12-06 14:52:31.210
901	102	1	1	2019-12-06	2019-12-10	理由/用途:xxxx	999	2019-12-06 14:54:30.257
901	103	0	0	2019-12-05	2999-12-31	基本コース	999	2019-12-06 14:52:31.210
901	103	1	1	2019-12-06	2019-12-10	理由/用途:xxxx	999	2019-12-06 14:54:30.257
901	104	0	0	2019-12-05	2999-12-31	基本コース	999	2019-12-06 14:52:31.210
901	104	1	1	2019-12-06	2019-12-10	理由/用途:xxxx	999	2019-12-06 14:54:30.257
901	106	0	0	2019-12-05	2999-12-31	基本コース	999	2019-12-06 14:52:31.210
901	106	1	1	2019-12-06	2019-12-10	理由/用途:xxxx	999	2019-12-06 14:54:30.257
901	201	0	0	2019-12-05	2999-12-31	基本コース	999	2019-12-06 14:52:31.210
901	201	1	1	2019-12-06	2019-12-10	理由/用途:xxxx	999	2019-12-06 14:54:30.257
